title,url,content
INCREASE social selling & your business visibility,https://genzmarketing.xyz,Loading...
Influence audience with GenZ video advertisements,https://genzmarketing.xyz,""""
"                                                You can work with us to increase your social presence and get 100s of qualified prospects every week. Our expert account executives will work with you nonstop to grow your network with a plan and target. Get started with our award-winning Marketing and Accelerator Programme to unleash the power of Social Selling and Cold outreach. It will not only improve your visibility; it will also increase your sales and business growth.""",,
Content and Copywriting Strategies for the Next Generation!,https://genzmarketing.xyz/about_us,""""
Elevate Your Brand with Innovative Graphics Design!,https://genzmarketing.xyz/services,""""
Empowering Your Team with Training and nailing it with Smart Mentoring!,https://genzmarketing.xyz/portfolio,""""
                                                Our Gen Z Marketing Graphics Design Service helps brands make a lasting impact on the next generation. We create visually captivating and trend-focused designs that resonate with Gen Z's preferences and values. From social media graphics to website elements, our solutions ensure your brand stays relevant and engaging," maximizing its appeal to this influential audience."""
Mastering Cold Email Marketing to Captivate the Next Generation!,https://genzmarketing.xyz/books,""""
Free Book,https://genzmarketing.xyz/packages,""""
,https://genzmarketing.xyz/blogs,How to Win in Social Selling? 
About,https://genzmarketing.xyz/contact_us,Download this eBook to master in social selling and business growth. 
Social Selling & LinkedIn Marketing,javascript:void(0);,""""
When we talk about social selling, it is very difficult for many of us to predict the right formula/s. It is like matchmaking to get a boyfriend or girlfriend. One setting with someone will never satisfy us and we will find some problems to escape them to the next one. It will never stop unless we consider some of our choices.,
"It is common for us when we think of social media that we want: -""",,
Through Our Campaign,https://genzmarketing.xyz/getstart,To engage in social media platforms
Become a LinkedIn Superstar,https://genzmarketing.xyz/getstart,To research your customer
0,https://genzmarketing.xyz/getstart,To invest in online presence
0,https://genzmarketing.xyz/getstart,To create content and contribute new knowledge
0,https://genzmarketing.xyz/getstart,To become an influencer or social media superstar
0,https://genzmarketing.xyz/getstart,To boost sales and business growth
Testimonials,#,Collect audience information to understand their needs.
What Our Clients Say,#,Social media platforms like LinkedIn offer powerful tools for identifying and connecting with potential leads.
Our Specialists,#,Establish business relations with each user to extend the network.
Our Successful Team,#,OngoingProjects
Talk to Us,#,ProjectsCompleted
Schedule a 30-minute Free Discovery Consultation ,#,Our HappyClients
Get In Touch,#,Web TrafficPer Monthly
"                                excellent written materials...""",,
Our Blog,https://genzmarketing.xyz/service-CC,"""The best place to go for all of your social media management requirements is here. Our"
                                website is your go-to resource for efficiently managing and maximizing your social media,,
Read Our Latest News,https://genzmarketing.xyz/service-SMM,"""We have a dedicated cold email application for our clients to design and send emails. Either"
                                you can register yourself with a monthly service plan or we will run the end-to-end service,,
"                                for you with our dedicated account managers and executives...""",,
